<?xml version="1.0" encoding="UTF-8"?>
		<rss xmlns:atom="http://www.w3.org/2005/Atom" xmlns:media="http://search.yahoo.com/mrss/" version="2.0">
		<channel>
		   <atom:link type="application/rss+xml" rel="self" href="https://www.hindustantimes.com/rss/topnews/rssfeed.xml"/>
			<title>Hindustan Times  - topnews</title> 
			<link>https://www.hindustantimes.com/</link>
			<description>
			<![CDATA[Hindustan Times is leading India’s No.1 English News portal where users can find Latest News, Breaking News, Today’s News Headlines, Today’s Trending News and updates from India and the World. Also watch latest photos and videos based on current affairs.]]>
					 </description>
			 <language>en-US</language>
			<copyright>
			Copyright (C) 2018 HT Media Limited. All Rights Reserved.
			</copyright>
			
			 <docs>https://www.hindustantimes.com/</docs>
			<image>
				<title>Hindustan Times  - topnews</title>
				<link>https://www.hindustantimes.com/</link>
				<url>
				https://www.hindustantimes.com/res/img/app-images/HomePageV1/HT-Logo.gif
				</url>
				
			</image>
			<item>
		<title><![CDATA[Rajasthan Board RBSE 10th result 2018 declared: Live updates]]></title>
	    
	    <description><![CDATA[Rajasthan Board RBSE 10th result: The result of Class 10 examination was announced by the Rajasthan Board of Secondary Education (RBSE) on Monday.]]></description>
		<link><![CDATA[https://www.hindustantimes.com/education/rajasthan-board-result-2018-more-than-10-lakh-students-await-rbse-10th-result/story-W545PB9g8kiOocEhr11qhI.html]]></link>
		<guid><![CDATA[https://www.hindustantimes.com/education/rajasthan-board-result-2018-more-than-10-lakh-students-await-rbse-10th-result/story-W545PB9g8kiOocEhr11qhI.html]]></guid>
		<pubDate><![CDATA[Mon, 11 Jun 2018 09:51:47 GMT]]> </pubDate>
		<media:content url="https://www.hindustantimes.com/rf/image_size_630x354/HT/p2/2018/06/11/Pictures/_9ceeb1da-6d31-11e8-823f-c9ca3542d80c.jpg" medium="image" height="640" width="362"/>
		</item><item>
		<title><![CDATA[Brother was shot 500m from where UP CM was staying, claims Gorakhpur doctor Kafeel...]]></title>
	    
	    <description><![CDATA[Kashif Jameel, brother of Gorakhpur doctor Dr Kafeel Khan, was shot at by unidentified miscreants near JP Hospital in Uttar Pradesh’s Gorakhnath area on Sunday.]]></description>
		<link><![CDATA[https://www.hindustantimes.com/india-news/brother-was-shot-500m-from-where-up-cm-was-staying-claims-gorkhpur-doctor-kafeel-khan/story-0MUpmGUt5XY1bF6hOroe6H.html]]></link>
		<guid><![CDATA[https://www.hindustantimes.com/india-news/brother-was-shot-500m-from-where-up-cm-was-staying-claims-gorkhpur-doctor-kafeel-khan/story-0MUpmGUt5XY1bF6hOroe6H.html]]></guid>
		<pubDate><![CDATA[Mon, 11 Jun 2018 09:46:39 GMT]]> </pubDate>
		<media:content url="https://www.hindustantimes.com/rf/image_size_630x354/HT/p2/2018/06/11/Pictures/_48f9f2a8-6d5c-11e8-823f-c9ca3542d80c.jpg" medium="image" height="640" width="362"/>
		</item><item>
		<title><![CDATA[Fuel prices reduced for 13th day, petrol now at Rs 76.58 a litre in Delhi]]></title>
	    
	    <description><![CDATA[In Delhi, petrol now costs Rs 76.52 a litre, and diesel costs Rs 67.95 per litre. After a 16-day long upward rally, fuel prices have been cut marginally everyday since May 30, in the range of 1 paise per litre, to 21-22 paise a litre.]]></description>
		<link><![CDATA[https://www.hindustantimes.com/business-news/fuel-prices-reduced-for-13th-day-petrol-now-at-rs-76-58-a-litre-in-delhi/story-M1by4jnY9h7Zbj83NihwaL.html]]></link>
		<guid><![CDATA[https://www.hindustantimes.com/business-news/fuel-prices-reduced-for-13th-day-petrol-now-at-rs-76-58-a-litre-in-delhi/story-M1by4jnY9h7Zbj83NihwaL.html]]></guid>
		<pubDate><![CDATA[Mon, 11 Jun 2018 08:43:45 GMT]]> </pubDate>
		<media:content url="https://www.hindustantimes.com/rf/image_size_630x354/HT/p2/2018/06/11/Pictures/petrol-worker-holds-station-nozzle-vehicle-mumbai_965be43e-6d52-11e8-9a75-8898ac94ce9e.jpg" medium="image" height="640" width="362"/>
		</item><item>
		<title><![CDATA[Kapil Mishra sues chief minister Arvind Kejriwal for low attendance in Delhi as...]]></title>
	    
	    <description><![CDATA[Rebel AAP MLA Kapil Mishra’s plea, which was urgently admitted in the high court, claimed that Delhi chief minister Arvind Kejriwal was present only seven times in 2017 although the assembly had 27 sessions.]]></description>
		<link><![CDATA[https://www.hindustantimes.com/delhi-news/kapil-mishra-sues-chief-minister-arvind-kejriwal-for-low-attendance-in-delhi-assembly/story-0YCKrjuhjhMFUU3U9whj4L.html]]></link>
		<guid><![CDATA[https://www.hindustantimes.com/delhi-news/kapil-mishra-sues-chief-minister-arvind-kejriwal-for-low-attendance-in-delhi-assembly/story-0YCKrjuhjhMFUU3U9whj4L.html]]></guid>
		<pubDate><![CDATA[Mon, 11 Jun 2018 07:39:50 GMT]]> </pubDate>
		<media:content url="https://www.hindustantimes.com/rf/image_size_630x354/HT/p2/2018/06/11/Pictures/inauguration-of-solar-power-panel-project_b7581222-6d46-11e8-823f-c9ca3542d80c.jpg" medium="image" height="640" width="362"/>
		</item><item>
		<title><![CDATA[PM Modi's ambitious plan to get millions more Indians flying faces turbulence]]></title>
	    
	    <description><![CDATA[Udan programme aimed to boost economic growth by refurbishing idled colonial-era airstrips or building newer airports, and incentivising airlines to offer discounted fares to connect them with bigger cities.]]></description>
		<link><![CDATA[https://www.hindustantimes.com/india-news/pm-modi-s-ambitious-plan-to-get-millions-more-indians-flying-faces-turbulence/story-aTMKN5qDvgEGYf2AtvOeiP.html]]></link>
		<guid><![CDATA[https://www.hindustantimes.com/india-news/pm-modi-s-ambitious-plan-to-get-millions-more-indians-flying-faces-turbulence/story-aTMKN5qDvgEGYf2AtvOeiP.html]]></guid>
		<pubDate><![CDATA[Mon, 11 Jun 2018 07:37:03 GMT]]> </pubDate>
		<media:content url="https://www.hindustantimes.com/rf/image_size_630x354/HT/p2/2018/06/11/Pictures/india-china-sco-summit_3b6e7036-6d49-11e8-bbf6-b72314b60444.jpg" medium="image" height="640" width="362"/>
		</item><item>
		<title><![CDATA[Rapist tag has not let me move on, it pushed me into crime, says Shakti Mills gangrape...]]></title>
	    
	    <description><![CDATA[Akash Jadhav, the 22-year-old culprit of the Shakti Mills gangrape, was 17 years old when he sexually assaulted an 18-year-old.]]></description>
		<link><![CDATA[https://www.hindustantimes.com/mumbai-news/rapist-tag-has-not-let-me-move-on-it-pushed-me-into-crime-says-shakti-mills-gangrape-convict/story-Kd8x8r6sUDopkjd0zMS61H.html]]></link>
		<guid><![CDATA[https://www.hindustantimes.com/mumbai-news/rapist-tag-has-not-let-me-move-on-it-pushed-me-into-crime-says-shakti-mills-gangrape-convict/story-Kd8x8r6sUDopkjd0zMS61H.html]]></guid>
		<pubDate><![CDATA[Mon, 11 Jun 2018 07:17:14 GMT]]> </pubDate>
		<media:content url="https://www.hindustantimes.com/rf/image_size_630x354/HT/p2/2018/06/10/Pictures/_be23a0b4-6cd6-11e8-8033-47bccc77d658.jpg" medium="image" height="640" width="362"/>
		</item><item>
		<title><![CDATA[FIFA&thinsp;World Cup 2018: Stakes high for England, Belgium in easy draw]]></title>
	    
	    <description><![CDATA[Belgium and England -- are certainly favoured to make the round of 16 in the FIFA World Cup 2018 as both sides aim to make an impact in the tournament. ]]></description>
		<link><![CDATA[https://www.hindustantimes.com/football/fifa-world-cup-2018-stakes-high-for-england-belgium-in-easy-draw/story-OGZbDdyRLNo5sPgTY1VQdO.html]]></link>
		<guid><![CDATA[https://www.hindustantimes.com/football/fifa-world-cup-2018-stakes-high-for-england-belgium-in-easy-draw/story-OGZbDdyRLNo5sPgTY1VQdO.html]]></guid>
		<pubDate><![CDATA[Mon, 11 Jun 2018 05:54:58 GMT]]> </pubDate>
		<media:content url="https://www.hindustantimes.com/rf/image_size_630x354/HT/p2/2018/06/11/Pictures/soccer-wcup-belgium_18edca5a-6d32-11e8-9a75-8898ac94ce9e.jpg" medium="image" height="640" width="362"/>
		</item><item>
		<title><![CDATA[JEE Advanced result 2018: Pranav Goyal from Chandigarh is the topper]]></title>
	    
	    <description><![CDATA[Meenal Parekh is the topper among women. She ranked 6th, scoring 318 out of 360 in the examination.]]></description>
		<link><![CDATA[https://www.hindustantimes.com/education/jee-advanced-result-2018-pranav-goyal-from-iit-roorkee-is-the-topper/story-KdcvtaTsDxogypAyJICvFI.html]]></link>
		<guid><![CDATA[https://www.hindustantimes.com/education/jee-advanced-result-2018-pranav-goyal-from-iit-roorkee-is-the-topper/story-KdcvtaTsDxogypAyJICvFI.html]]></guid>
		<pubDate><![CDATA[Mon, 11 Jun 2018 02:05:56 GMT]]> </pubDate>
		<media:content url="https://www.hindustantimes.com/rf/image_size_630x354/HT/p2/2018/06/10/Pictures/_30642480-6c7f-11e8-8033-47bccc77d658.jpg" medium="image" height="640" width="362"/>
		</item><item>
		<title><![CDATA[Jurassic World Fallen Kingdom movie review: A new low for the iconic franchise;...]]></title>
	    
	    <description><![CDATA[Jurassic World movie review: Despite Chris Pratt and Bryce Dallas Howard’s charms and director JA Bayona’s horror-centric approach, Fallen Kingdom is the worst film in the series.]]></description>
		<link><![CDATA[https://www.hindustantimes.com/movie-reviews/jurassic-world-fallen-kingdom-movie-review-a-new-low-for-the-iconic-series-extinction-is-the-only-cure/story-z6ZnuhQTR33io6UqSVoiEN.html]]></link>
		<guid><![CDATA[https://www.hindustantimes.com/movie-reviews/jurassic-world-fallen-kingdom-movie-review-a-new-low-for-the-iconic-series-extinction-is-the-only-cure/story-z6ZnuhQTR33io6UqSVoiEN.html]]></guid>
		<pubDate><![CDATA[Fri, 08 Jun 2018 07:08:53 GMT]]> </pubDate>
		<media:content url="https://www.hindustantimes.com/rf/image_size_630x354/HT/p2/2018/06/08/Pictures/_674af80c-6aea-11e8-af35-5e950c6035ab.PNG" medium="image" height="640" width="362"/>
		</item><item>
		<title><![CDATA[Solo A Star Wars Story movie review: It's like Sholay meets The Godfather, absolutely...]]></title>
	    
	    <description><![CDATA[Solo: A Star Wars Story movie review - Ron Howard delivers a delightful origin story for one of Star Wars’ most beloved characters; part gangster movie, part film noir, part western and a lot of fun.]]></description>
		<link><![CDATA[https://www.hindustantimes.com/movie-reviews/solo-a-star-wars-story-movie-review-it-s-like-sholay-meets-the-godfather/story-aECrMueGxek5Sm1sIVL2hK.html]]></link>
		<guid><![CDATA[https://www.hindustantimes.com/movie-reviews/solo-a-star-wars-story-movie-review-it-s-like-sholay-meets-the-godfather/story-aECrMueGxek5Sm1sIVL2hK.html]]></guid>
		<pubDate><![CDATA[Thu, 31 May 2018 04:48:39 GMT]]> </pubDate>
		<media:content url="https://www.hindustantimes.com/rf/image_size_630x354/HT/p2/2018/05/25/Pictures/_1bf770bc-5ff3-11e8-b354-8e7f0da49342.PNG" medium="image" height="640" width="362"/>
		</item><item>
		<title><![CDATA[Bioscopewala movie review: A sparkling Danny Denzongpa and the power of cinema]]></title>
	    
	    <description><![CDATA[Bioscopewala movie review: The makers have added political, social and emotional layers to Rabindranath Tagore’s Kabuliwala and turned Danny Denzongpa’s character into a passionate rebel]]></description>
		<link><![CDATA[https://www.hindustantimes.com/movie-reviews/bioscopewala-movie-review-a-sparkling-danny-denzongpa-and-the-power-of-cinema/story-vGH0d1X318El66hWQROorO.html]]></link>
		<guid><![CDATA[https://www.hindustantimes.com/movie-reviews/bioscopewala-movie-review-a-sparkling-danny-denzongpa-and-the-power-of-cinema/story-vGH0d1X318El66hWQROorO.html]]></guid>
		<pubDate><![CDATA[Fri, 25 May 2018 01:27:55 GMT]]> </pubDate>
		<media:content url="https://www.hindustantimes.com/rf/image_size_630x354/HT/p2/2018/05/25/Pictures/bioscopewala-mettle-review-titular-denzongpa-proves-again_1163de12-601e-11e8-828c-aa2fd3852b8f.jpg" medium="image" height="640" width="362"/>
		</item><item>
		<title><![CDATA[Fahrenheit 451 movie review: This is exactly the sort of film the CBFC likes to...]]></title>
	    
	    <description><![CDATA[Fahrenheit 451 movie review: Director Ramin Bahrani’s new film, starring Michael B Jordan and Michael Shannon, is a brave takedown of government - both American and ours.]]></description>
		<link><![CDATA[https://www.hindustantimes.com/movie-reviews/fahrenheit-451-movie-review-this-is-exactly-the-sort-of-film-the-cbfc-likes-to-burn/story-ZjVDOFKqTXagfTowRfntqI.html]]></link>
		<guid><![CDATA[https://www.hindustantimes.com/movie-reviews/fahrenheit-451-movie-review-this-is-exactly-the-sort-of-film-the-cbfc-likes-to-burn/story-ZjVDOFKqTXagfTowRfntqI.html]]></guid>
		<pubDate><![CDATA[Fri, 25 May 2018 08:34:40 GMT]]> </pubDate>
		<media:content url="https://www.hindustantimes.com/rf/image_size_630x354/HT/p2/2018/05/21/Pictures/_b2b3b03a-5ca4-11e8-b354-8e7f0da49342.jpg" medium="image" height="640" width="362"/>
		</item><item>
		<title><![CDATA[Deadpool 2 movie review: It's a Marvel how Ryan Reynolds got away with this]]></title>
	    
	    <description><![CDATA[Deadpool 2 movie review: Ryan Reynolds’ sequel is bigger, more violent, filthier and surprisingly, much better than the first film. It’s a Marvel that they let him get away with this. 4/5.]]></description>
		<link><![CDATA[https://www.hindustantimes.com/movie-reviews/deadpool-2-movie-review-ryan-reynolds-sequel-is-bigger-filthier-better-than-the-first-film/story-iQ88FYERtIdiRVQTB4hKCP.html]]></link>
		<guid><![CDATA[https://www.hindustantimes.com/movie-reviews/deadpool-2-movie-review-ryan-reynolds-sequel-is-bigger-filthier-better-than-the-first-film/story-iQ88FYERtIdiRVQTB4hKCP.html]]></guid>
		<pubDate><![CDATA[Mon, 21 May 2018 05:46:02 GMT]]> </pubDate>
		<media:content url="https://www.hindustantimes.com/rf/image_size_630x354/HT/p2/2018/05/18/Pictures/_5b0de432-5a8c-11e8-b431-73159b4b09e2.PNG" medium="image" height="640" width="362"/>
		</item><item>
		<title><![CDATA[Avengers Infinity War movie review: Marvel has made an epic tragedy of Godlike ...]]></title>
	    
	    <description><![CDATA[Avengers Infinity War movie review: Marvel has made an ambitious, Godlike tragedy, a film that knows we love these characters - Iron Man, Thor, Captain America, Loki.]]></description>
		<link><![CDATA[https://www.hindustantimes.com/movie-reviews/avengers-infinity-war-movie-review-the-god-of-all-marvel-films-a-landmark-achieve/story-tPX53nfJSnOLnsPPpJRY4I.html]]></link>
		<guid><![CDATA[https://www.hindustantimes.com/movie-reviews/avengers-infinity-war-movie-review-the-god-of-all-marvel-films-a-landmark-achieve/story-tPX53nfJSnOLnsPPpJRY4I.html]]></guid>
		<pubDate><![CDATA[Fri, 18 May 2018 03:13:15 GMT]]> </pubDate>
		<media:content url="https://www.hindustantimes.com/rf/image_size_630x354/HT/p2/2018/05/15/Pictures/_4fe71636-5808-11e8-b87b-3dd7d8bd63e9.png" medium="image" height="640" width="362"/>
		</item><item>
		<title><![CDATA[Batman Ninja movie review: The most original version of the Dark Knight since Christopher...]]></title>
	    
	    <description><![CDATA[Batman Ninja movie review: It’s one of the most eye-poppingly original takes on the Dark Knight, and certainly his most refreshing depiction since Christopher Nolan’s trilogy.]]></description>
		<link><![CDATA[https://www.hindustantimes.com/movie-reviews/batman-ninja-movie-review-the-most-original-version-of-the-dark-knight-since-christopher-nolan/story-uwtR7mVU2MYhi8NQ1nhpAN.html]]></link>
		<guid><![CDATA[https://www.hindustantimes.com/movie-reviews/batman-ninja-movie-review-the-most-original-version-of-the-dark-knight-since-christopher-nolan/story-uwtR7mVU2MYhi8NQ1nhpAN.html]]></guid>
		<pubDate><![CDATA[Fri, 11 May 2018 04:42:18 GMT]]> </pubDate>
		<media:content url="https://www.hindustantimes.com/rf/image_size_630x354/HT/p2/2018/05/10/Pictures/_8a76b59c-541e-11e8-aa60-d0af28d4422a.png" medium="image" height="640" width="362"/>
		</item></channel>
		</rss>
		
















		
		