guid,title,pubDate,description,link,media
https://www.hindustantimes.com/education/rajasthan-board-result-2018-more-than-10-lakh-students-await-rbse-10th-result/story-W545PB9g8kiOocEhr11qhI.html,Rajasthan Board RBSE 10th result 2018 declared: Live updates,"Mon, 11 Jun 2018 09:51:47 GMT ",Rajasthan Board RBSE 10th result: The result of Class 10 examination was announced by the Rajasthan Board of Secondary Education (RBSE) on Monday.,https://www.hindustantimes.com/education/rajasthan-board-result-2018-more-than-10-lakh-students-await-rbse-10th-result/story-W545PB9g8kiOocEhr11qhI.html,https://www.hindustantimes.com/rf/image_size_630x354/HT/p2/2018/06/11/Pictures/_9ceeb1da-6d31-11e8-823f-c9ca3542d80c.jpg
https://www.hindustantimes.com/india-news/brother-was-shot-500m-from-where-up-cm-was-staying-claims-gorkhpur-doctor-kafeel-khan/story-0MUpmGUt5XY1bF6hOroe6H.html,"Brother was shot 500m from where UP CM was staying, claims Gorakhpur doctor Kafeel...","Mon, 11 Jun 2018 09:46:39 GMT ","Kashif Jameel, brother of Gorakhpur doctor Dr Kafeel Khan, was shot at by unidentified miscreants near JP Hospital in Uttar Pradesh’s Gorakhnath area on Sunday.",https://www.hindustantimes.com/india-news/brother-was-shot-500m-from-where-up-cm-was-staying-claims-gorkhpur-doctor-kafeel-khan/story-0MUpmGUt5XY1bF6hOroe6H.html,https://www.hindustantimes.com/rf/image_size_630x354/HT/p2/2018/06/11/Pictures/_48f9f2a8-6d5c-11e8-823f-c9ca3542d80c.jpg
https://www.hindustantimes.com/business-news/fuel-prices-reduced-for-13th-day-petrol-now-at-rs-76-58-a-litre-in-delhi/story-M1by4jnY9h7Zbj83NihwaL.html,"Fuel prices reduced for 13th day, petrol now at Rs 76.58 a litre in Delhi","Mon, 11 Jun 2018 08:43:45 GMT ","In Delhi, petrol now costs Rs 76.52 a litre, and diesel costs Rs 67.95 per litre. After a 16-day long upward rally, fuel prices have been cut marginally everyday since May 30, in the range of 1 paise per litre, to 21-22 paise a litre.",https://www.hindustantimes.com/business-news/fuel-prices-reduced-for-13th-day-petrol-now-at-rs-76-58-a-litre-in-delhi/story-M1by4jnY9h7Zbj83NihwaL.html,https://www.hindustantimes.com/rf/image_size_630x354/HT/p2/2018/06/11/Pictures/petrol-worker-holds-station-nozzle-vehicle-mumbai_965be43e-6d52-11e8-9a75-8898ac94ce9e.jpg
https://www.hindustantimes.com/delhi-news/kapil-mishra-sues-chief-minister-arvind-kejriwal-for-low-attendance-in-delhi-assembly/story-0YCKrjuhjhMFUU3U9whj4L.html,Kapil Mishra sues chief minister Arvind Kejriwal for low attendance in Delhi as...,"Mon, 11 Jun 2018 07:39:50 GMT ","Rebel AAP MLA Kapil Mishra’s plea, which was urgently admitted in the high court, claimed that Delhi chief minister Arvind Kejriwal was present only seven times in 2017 although the assembly had 27 sessions.",https://www.hindustantimes.com/delhi-news/kapil-mishra-sues-chief-minister-arvind-kejriwal-for-low-attendance-in-delhi-assembly/story-0YCKrjuhjhMFUU3U9whj4L.html,https://www.hindustantimes.com/rf/image_size_630x354/HT/p2/2018/06/11/Pictures/inauguration-of-solar-power-panel-project_b7581222-6d46-11e8-823f-c9ca3542d80c.jpg
https://www.hindustantimes.com/india-news/pm-modi-s-ambitious-plan-to-get-millions-more-indians-flying-faces-turbulence/story-aTMKN5qDvgEGYf2AtvOeiP.html,PM Modi's ambitious plan to get millions more Indians flying faces turbulence,"Mon, 11 Jun 2018 07:37:03 GMT ","Udan programme aimed to boost economic growth by refurbishing idled colonial-era airstrips or building newer airports, and incentivising airlines to offer discounted fares to connect them with bigger cities.",https://www.hindustantimes.com/india-news/pm-modi-s-ambitious-plan-to-get-millions-more-indians-flying-faces-turbulence/story-aTMKN5qDvgEGYf2AtvOeiP.html,https://www.hindustantimes.com/rf/image_size_630x354/HT/p2/2018/06/11/Pictures/india-china-sco-summit_3b6e7036-6d49-11e8-bbf6-b72314b60444.jpg
https://www.hindustantimes.com/mumbai-news/rapist-tag-has-not-let-me-move-on-it-pushed-me-into-crime-says-shakti-mills-gangrape-convict/story-Kd8x8r6sUDopkjd0zMS61H.html,"Rapist tag has not let me move on, it pushed me into crime, says Shakti Mills gangrape...","Mon, 11 Jun 2018 07:17:14 GMT ","Akash Jadhav, the 22-year-old culprit of the Shakti Mills gangrape, was 17 years old when he sexually assaulted an 18-year-old.",https://www.hindustantimes.com/mumbai-news/rapist-tag-has-not-let-me-move-on-it-pushed-me-into-crime-says-shakti-mills-gangrape-convict/story-Kd8x8r6sUDopkjd0zMS61H.html,https://www.hindustantimes.com/rf/image_size_630x354/HT/p2/2018/06/10/Pictures/_be23a0b4-6cd6-11e8-8033-47bccc77d658.jpg
https://www.hindustantimes.com/football/fifa-world-cup-2018-stakes-high-for-england-belgium-in-easy-draw/story-OGZbDdyRLNo5sPgTY1VQdO.html,"FIFA&thinsp;World Cup 2018: Stakes high for England, Belgium in easy draw","Mon, 11 Jun 2018 05:54:58 GMT ",Belgium and England -- are certainly favoured to make the round of 16 in the FIFA World Cup 2018 as both sides aim to make an impact in the tournament. ,https://www.hindustantimes.com/football/fifa-world-cup-2018-stakes-high-for-england-belgium-in-easy-draw/story-OGZbDdyRLNo5sPgTY1VQdO.html,https://www.hindustantimes.com/rf/image_size_630x354/HT/p2/2018/06/11/Pictures/soccer-wcup-belgium_18edca5a-6d32-11e8-9a75-8898ac94ce9e.jpg
https://www.hindustantimes.com/education/jee-advanced-result-2018-pranav-goyal-from-iit-roorkee-is-the-topper/story-KdcvtaTsDxogypAyJICvFI.html,JEE Advanced result 2018: Pranav Goyal from Chandigarh is the topper,"Mon, 11 Jun 2018 02:05:56 GMT ","Meenal Parekh is the topper among women. She ranked 6th, scoring 318 out of 360 in the examination.",https://www.hindustantimes.com/education/jee-advanced-result-2018-pranav-goyal-from-iit-roorkee-is-the-topper/story-KdcvtaTsDxogypAyJICvFI.html,https://www.hindustantimes.com/rf/image_size_630x354/HT/p2/2018/06/10/Pictures/_30642480-6c7f-11e8-8033-47bccc77d658.jpg
https://www.hindustantimes.com/movie-reviews/jurassic-world-fallen-kingdom-movie-review-a-new-low-for-the-iconic-series-extinction-is-the-only-cure/story-z6ZnuhQTR33io6UqSVoiEN.html,Jurassic World Fallen Kingdom movie review: A new low for the iconic franchise;...,"Fri, 08 Jun 2018 07:08:53 GMT ","Jurassic World movie review: Despite Chris Pratt and Bryce Dallas Howard’s charms and director JA Bayona’s horror-centric approach, Fallen Kingdom is the worst film in the series.",https://www.hindustantimes.com/movie-reviews/jurassic-world-fallen-kingdom-movie-review-a-new-low-for-the-iconic-series-extinction-is-the-only-cure/story-z6ZnuhQTR33io6UqSVoiEN.html,https://www.hindustantimes.com/rf/image_size_630x354/HT/p2/2018/06/08/Pictures/_674af80c-6aea-11e8-af35-5e950c6035ab.PNG
https://www.hindustantimes.com/movie-reviews/solo-a-star-wars-story-movie-review-it-s-like-sholay-meets-the-godfather/story-aECrMueGxek5Sm1sIVL2hK.html,"Solo A Star Wars Story movie review: It's like Sholay meets The Godfather, absolutely...","Thu, 31 May 2018 04:48:39 GMT ","Solo: A Star Wars Story movie review - Ron Howard delivers a delightful origin story for one of Star Wars’ most beloved characters; part gangster movie, part film noir, part western and a lot of fun.",https://www.hindustantimes.com/movie-reviews/solo-a-star-wars-story-movie-review-it-s-like-sholay-meets-the-godfather/story-aECrMueGxek5Sm1sIVL2hK.html,https://www.hindustantimes.com/rf/image_size_630x354/HT/p2/2018/05/25/Pictures/_1bf770bc-5ff3-11e8-b354-8e7f0da49342.PNG
https://www.hindustantimes.com/movie-reviews/bioscopewala-movie-review-a-sparkling-danny-denzongpa-and-the-power-of-cinema/story-vGH0d1X318El66hWQROorO.html,Bioscopewala movie review: A sparkling Danny Denzongpa and the power of cinema,"Fri, 25 May 2018 01:27:55 GMT ","Bioscopewala movie review: The makers have added political, social and emotional layers to Rabindranath Tagore’s Kabuliwala and turned Danny Denzongpa’s character into a passionate rebel",https://www.hindustantimes.com/movie-reviews/bioscopewala-movie-review-a-sparkling-danny-denzongpa-and-the-power-of-cinema/story-vGH0d1X318El66hWQROorO.html,https://www.hindustantimes.com/rf/image_size_630x354/HT/p2/2018/05/25/Pictures/bioscopewala-mettle-review-titular-denzongpa-proves-again_1163de12-601e-11e8-828c-aa2fd3852b8f.jpg
https://www.hindustantimes.com/movie-reviews/fahrenheit-451-movie-review-this-is-exactly-the-sort-of-film-the-cbfc-likes-to-burn/story-ZjVDOFKqTXagfTowRfntqI.html,Fahrenheit 451 movie review: This is exactly the sort of film the CBFC likes to...,"Fri, 25 May 2018 08:34:40 GMT ","Fahrenheit 451 movie review: Director Ramin Bahrani’s new film, starring Michael B Jordan and Michael Shannon, is a brave takedown of government - both American and ours.",https://www.hindustantimes.com/movie-reviews/fahrenheit-451-movie-review-this-is-exactly-the-sort-of-film-the-cbfc-likes-to-burn/story-ZjVDOFKqTXagfTowRfntqI.html,https://www.hindustantimes.com/rf/image_size_630x354/HT/p2/2018/05/21/Pictures/_b2b3b03a-5ca4-11e8-b354-8e7f0da49342.jpg
https://www.hindustantimes.com/movie-reviews/deadpool-2-movie-review-ryan-reynolds-sequel-is-bigger-filthier-better-than-the-first-film/story-iQ88FYERtIdiRVQTB4hKCP.html,Deadpool 2 movie review: It's a Marvel how Ryan Reynolds got away with this,"Mon, 21 May 2018 05:46:02 GMT ","Deadpool 2 movie review: Ryan Reynolds’ sequel is bigger, more violent, filthier and surprisingly, much better than the first film. It’s a Marvel that they let him get away with this. 4/5.",https://www.hindustantimes.com/movie-reviews/deadpool-2-movie-review-ryan-reynolds-sequel-is-bigger-filthier-better-than-the-first-film/story-iQ88FYERtIdiRVQTB4hKCP.html,https://www.hindustantimes.com/rf/image_size_630x354/HT/p2/2018/05/18/Pictures/_5b0de432-5a8c-11e8-b431-73159b4b09e2.PNG
https://www.hindustantimes.com/movie-reviews/avengers-infinity-war-movie-review-the-god-of-all-marvel-films-a-landmark-achieve/story-tPX53nfJSnOLnsPPpJRY4I.html,Avengers Infinity War movie review: Marvel has made an epic tragedy of Godlike ...,"Fri, 18 May 2018 03:13:15 GMT ","Avengers Infinity War movie review: Marvel has made an ambitious, Godlike tragedy, a film that knows we love these characters - Iron Man, Thor, Captain America, Loki.",https://www.hindustantimes.com/movie-reviews/avengers-infinity-war-movie-review-the-god-of-all-marvel-films-a-landmark-achieve/story-tPX53nfJSnOLnsPPpJRY4I.html,https://www.hindustantimes.com/rf/image_size_630x354/HT/p2/2018/05/15/Pictures/_4fe71636-5808-11e8-b87b-3dd7d8bd63e9.png
https://www.hindustantimes.com/movie-reviews/batman-ninja-movie-review-the-most-original-version-of-the-dark-knight-since-christopher-nolan/story-uwtR7mVU2MYhi8NQ1nhpAN.html,Batman Ninja movie review: The most original version of the Dark Knight since Christopher...,"Fri, 11 May 2018 04:42:18 GMT ","Batman Ninja movie review: It’s one of the most eye-poppingly original takes on the Dark Knight, and certainly his most refreshing depiction since Christopher Nolan’s trilogy.",https://www.hindustantimes.com/movie-reviews/batman-ninja-movie-review-the-most-original-version-of-the-dark-knight-since-christopher-nolan/story-uwtR7mVU2MYhi8NQ1nhpAN.html,https://www.hindustantimes.com/rf/image_size_630x354/HT/p2/2018/05/10/Pictures/_8a76b59c-541e-11e8-aa60-d0af28d4422a.png
