{
    "settings": {
        "number_of_shards" : 1,
        "number_of_replicas": 0,
        "analysis": {
            "filter": {
                "autocomplete_filter": {
                    "type":     "edge_ngram",
                    "min_gram": 2,
                    "max_gram": 15
                }
            },
            "analyzer": {
                "autocomplete": {
                    "type":      "custom",
                    "tokenizer": "standard",
                    "filter": [
                        "lowercase",
                        "autocomplete_filter" 
                    ]
                }
            }
        }
    },
    "mappings": {
        "beers": {
            "properties": {
                "name": {"type": "string", "index_analyzer": "autocomplete", "search_analyzer": "standard"},
                "styles": {"type": "string", "index_analyzer": "autocomplete", "search_analyzer": "standard"},
                "abv": {"type": "float"},
                "producer": {"type": "string", "index_analyzer": "autocomplete", "search_analyzer": "standard"},
                "description": {"type": "string", "index_analyzer": "autocomplete", "search_analyzer": "standard"}
            }
        },
        "styles": {
            "properties": {
                "name": {"type": "string", "index": "not_analyzed"},
                "parent":{"type": "string", "index": "not_analyzed"}
            }
        }
    }
}
